Value,Description,DTLS-OK,Recommended,Reference
"0x00,0x00",TLS_NULL_WITH_NULL_NULL,Y,N,[RFC5246]
"0x00,0x01",TLS_RSA_WITH_NULL_MD5,Y,N,[RFC5246]
"0x00,0x02",TLS_RSA_WITH_NULL_SHA,Y,N,[RFC5246]
"0x00,0x03",TLS_RSA_EXPORT_WITH_RC4_40_MD5,N,N,[RFC4346][RFC6347]
"0x00,0x04",TLS_RSA_WITH_RC4_128_MD5,N,N,[RFC5246][RFC6347]
"0x00,0x05",TLS_RSA_WITH_RC4_128_SHA,N,N,[RFC5246][RFC6347]
"0x00,0x06",TLS_RSA_EXPORT_WITH_RC2_CBC_40_MD5,Y,N,[RFC4346]
"0x00,0x07",TLS_RSA_WITH_IDEA_CBC_SHA,Y,N,[RFC5469][status-change-tls-des-idea-ciphers-to-historic]
"0x00,0x08",TLS_RSA_EXPORT_WITH_DES40_CBC_SHA,Y,N,[RFC4346]
"0x00,0x09",TLS_RSA_WITH_DES_CBC_SHA,Y,N,[RFC5469][status-change-tls-des-idea-ciphers-to-historic]
"0x00,0x0A",TLS_RSA_WITH_3DES_EDE_CBC_SHA,Y,N,[RFC5246]
"0x00,0x0B",TLS_DH_DSS_EXPORT_WITH_DES40_CBC_SHA,Y,N,[RFC4346]
"0x00,0x0C",TLS_DH_DSS_WITH_DES_CBC_SHA,Y,N,[RFC5469][status-change-tls-des-idea-ciphers-to-historic]
"0x00,0x0D",TLS_DH_DSS_WITH_3DES_EDE_CBC_SHA,Y,N,[RFC5246]
"0x00,0x0E",TLS_DH_RSA_EXPORT_WITH_DES40_CBC_SHA,Y,N,[RFC4346]
"0x00,0x0F",TLS_DH_RSA_WITH_DES_CBC_SHA,Y,N,[RFC5469][status-change-tls-des-idea-ciphers-to-historic]
"0x00,0x10",TLS_DH_RSA_WITH_3DES_EDE_CBC_SHA,Y,N,[RFC5246]
"0x00,0x11",TLS_DHE_DSS_EXPORT_WITH_DES40_CBC_SHA,Y,N,[RFC4346]
"0x00,0x12",TLS_DHE_DSS_WITH_DES_CBC_SHA,Y,N,[RFC5469][status-change-tls-des-idea-ciphers-to-historic]
"0x00,0x13",TLS_DHE_DSS_WITH_3DES_EDE_CBC_SHA,Y,N,[RFC5246]
"0x00,0x14",TLS_DHE_RSA_EXPORT_WITH_DES40_CBC_SHA,Y,N,[RFC4346]
"0x00,0x15",TLS_DHE_RSA_WITH_DES_CBC_SHA,Y,N,[RFC5469][status-change-tls-des-idea-ciphers-to-historic]
"0x00,0x16",TLS_DHE_RSA_WITH_3DES_EDE_CBC_SHA,Y,N,[RFC5246]
"0x00,0x17",TLS_DH_anon_EXPORT_WITH_RC4_40_MD5,N,N,[RFC4346][RFC6347]
"0x00,0x18",TLS_DH_anon_WITH_RC4_128_MD5,N,N,[RFC5246][RFC6347]
"0x00,0x19",TLS_DH_anon_EXPORT_WITH_DES40_CBC_SHA,Y,N,[RFC4346]
"0x00,0x1A",TLS_DH_anon_WITH_DES_CBC_SHA,Y,N,[RFC5469][status-change-tls-des-idea-ciphers-to-historic]
"0x00,0x1B",TLS_DH_anon_WITH_3DES_EDE_CBC_SHA,Y,N,[RFC5246]
"0x00,0x1C-1D",Reserved to avoid conflicts with SSLv3,,,[RFC5246]
"0x00,0x1E",TLS_KRB5_WITH_DES_CBC_SHA,Y,N,[RFC2712]
"0x00,0x1F",TLS_KRB5_WITH_3DES_EDE_CBC_SHA,Y,N,[RFC2712]
"0x00,0x20",TLS_KRB5_WITH_RC4_128_SHA,N,N,[RFC2712][RFC6347]
"0x00,0x21",TLS_KRB5_WITH_IDEA_CBC_SHA,Y,N,[RFC2712]
"0x00,0x22",TLS_KRB5_WITH_DES_CBC_MD5,Y,N,[RFC2712]
"0x00,0x23",TLS_KRB5_WITH_3DES_EDE_CBC_MD5,Y,N,[RFC2712]
"0x00,0x24",TLS_KRB5_WITH_RC4_128_MD5,N,N,[RFC2712][RFC6347]
"0x00,0x25",TLS_KRB5_WITH_IDEA_CBC_MD5,Y,N,[RFC2712]
"0x00,0x26",TLS_KRB5_EXPORT_WITH_DES_CBC_40_SHA,Y,N,[RFC2712]
"0x00,0x27",TLS_KRB5_EXPORT_WITH_RC2_CBC_40_SHA,Y,N,[RFC2712]
"0x00,0x28",TLS_KRB5_EXPORT_WITH_RC4_40_SHA,N,N,[RFC2712][RFC6347]
"0x00,0x29",TLS_KRB5_EXPORT_WITH_DES_CBC_40_MD5,Y,N,[RFC2712]
"0x00,0x2A",TLS_KRB5_EXPORT_WITH_RC2_CBC_40_MD5,Y,N,[RFC2712]
"0x00,0x2B",TLS_KRB5_EXPORT_WITH_RC4_40_MD5,N,N,[RFC2712][RFC6347]
"0x00,0x2C",TLS_PSK_WITH_NULL_SHA,Y,N,[RFC4785]
"0x00,0x2D",TLS_DHE_PSK_WITH_NULL_SHA,Y,N,[RFC4785]
"0x00,0x2E",TLS_RSA_PSK_WITH_NULL_SHA,Y,N,[RFC4785]
"0x00,0x2F",TLS_RSA_WITH_AES_128_CBC_SHA,Y,N,[RFC5246]
"0x00,0x30",TLS_DH_DSS_WITH_AES_128_CBC_SHA,Y,N,[RFC5246]
"0x00,0x31",TLS_DH_RSA_WITH_AES_128_CBC_SHA,Y,N,[RFC5246]
"0x00,0x32",TLS_DHE_DSS_WITH_AES_128_CBC_SHA,Y,N,[RFC5246]
"0x00,0x33",TLS_DHE_RSA_WITH_AES_128_CBC_SHA,Y,N,[RFC5246]
"0x00,0x34",TLS_DH_anon_WITH_AES_128_CBC_SHA,Y,N,[RFC5246]
"0x00,0x35",TLS_RSA_WITH_AES_256_CBC_SHA,Y,N,[RFC5246]
"0x00,0x36",TLS_DH_DSS_WITH_AES_256_CBC_SHA,Y,N,[RFC5246]
"0x00,0x37",TLS_DH_RSA_WITH_AES_256_CBC_SHA,Y,N,[RFC5246]
"0x00,0x38",TLS_DHE_DSS_WITH_AES_256_CBC_SHA,Y,N,[RFC5246]
"0x00,0x39",TLS_DHE_RSA_WITH_AES_256_CBC_SHA,Y,N,[RFC5246]
"0x00,0x3A",TLS_DH_anon_WITH_AES_256_CBC_SHA,Y,N,[RFC5246]
"0x00,0x3B",TLS_RSA_WITH_NULL_SHA256,Y,N,[RFC5246]
"0x00,0x3C",TLS_RSA_WITH_AES_128_CBC_SHA256,Y,N,[RFC5246]
"0x00,0x3D",TLS_RSA_WITH_AES_256_CBC_SHA256,Y,N,[RFC5246]
"0x00,0x3E",TLS_DH_DSS_WITH_AES_128_CBC_SHA256,Y,N,[RFC5246]
"0x00,0x3F",TLS_DH_RSA_WITH_AES_128_CBC_SHA256,Y,N,[RFC5246]
"0x00,0x40",TLS_DHE_DSS_WITH_AES_128_CBC_SHA256,Y,N,[RFC5246]
"0x00,0x41",TLS_RSA_WITH_CAMELLIA_128_CBC_SHA,Y,N,[RFC5932]
"0x00,0x42",TLS_DH_DSS_WITH_CAMELLIA_128_CBC_SHA,Y,N,[RFC5932]
"0x00,0x43",TLS_DH_RSA_WITH_CAMELLIA_128_CBC_SHA,Y,N,[RFC5932]
"0x00,0x44",TLS_DHE_DSS_WITH_CAMELLIA_128_CBC_SHA,Y,N,[RFC5932]
"0x00,0x45",TLS_DHE_RSA_WITH_CAMELLIA_128_CBC_SHA,Y,N,[RFC5932]
"0x00,0x46",TLS_DH_anon_WITH_CAMELLIA_128_CBC_SHA,Y,N,[RFC5932]
"0x00,0x47-4F","Reserved to avoid conflicts with         
deployed implementations",,,[Pasi_Eronen]
"0x00,0x50-58",Reserved to avoid conflicts,,,"[Pasi Eronen, <pasi.eronen&nokia.com>, 2008-04-04.  2008-04-04]"
"0x00,0x59-5C","Reserved to avoid conflicts with         
deployed implementations",,,[Pasi_Eronen]
"0x00,0x5D-5F",Unassigned,,,
"0x00,0x60-66","Reserved to avoid conflicts with
widely deployed implementations",,,[Pasi_Eronen]
"0x00,0x67",TLS_DHE_RSA_WITH_AES_128_CBC_SHA256,Y,N,[RFC5246]
"0x00,0x68",TLS_DH_DSS_WITH_AES_256_CBC_SHA256,Y,N,[RFC5246]
"0x00,0x69",TLS_DH_RSA_WITH_AES_256_CBC_SHA256,Y,N,[RFC5246]
"0x00,0x6A",TLS_DHE_DSS_WITH_AES_256_CBC_SHA256,Y,N,[RFC5246]
"0x00,0x6B",TLS_DHE_RSA_WITH_AES_256_CBC_SHA256,Y,N,[RFC5246]
"0x00,0x6C",TLS_DH_anon_WITH_AES_128_CBC_SHA256,Y,N,[RFC5246]
"0x00,0x6D",TLS_DH_anon_WITH_AES_256_CBC_SHA256,Y,N,[RFC5246]
"0x00,0x6E-83",Unassigned,,,
"0x00,0x84",TLS_RSA_WITH_CAMELLIA_256_CBC_SHA,Y,N,[RFC5932]
"0x00,0x85",TLS_DH_DSS_WITH_CAMELLIA_256_CBC_SHA,Y,N,[RFC5932]
"0x00,0x86",TLS_DH_RSA_WITH_CAMELLIA_256_CBC_SHA,Y,N,[RFC5932]
"0x00,0x87",TLS_DHE_DSS_WITH_CAMELLIA_256_CBC_SHA,Y,N,[RFC5932]
"0x00,0x88",TLS_DHE_RSA_WITH_CAMELLIA_256_CBC_SHA,Y,N,[RFC5932]
"0x00,0x89",TLS_DH_anon_WITH_CAMELLIA_256_CBC_SHA,Y,N,[RFC5932]
"0x00,0x8A",TLS_PSK_WITH_RC4_128_SHA,N,N,[RFC4279][RFC6347]
"0x00,0x8B",TLS_PSK_WITH_3DES_EDE_CBC_SHA,Y,N,[RFC4279]
"0x00,0x8C",TLS_PSK_WITH_AES_128_CBC_SHA,Y,N,[RFC4279]
"0x00,0x8D",TLS_PSK_WITH_AES_256_CBC_SHA,Y,N,[RFC4279]
"0x00,0x8E",TLS_DHE_PSK_WITH_RC4_128_SHA,N,N,[RFC4279][RFC6347]
"0x00,0x8F",TLS_DHE_PSK_WITH_3DES_EDE_CBC_SHA,Y,N,[RFC4279]
"0x00,0x90",TLS_DHE_PSK_WITH_AES_128_CBC_SHA,Y,N,[RFC4279]
"0x00,0x91",TLS_DHE_PSK_WITH_AES_256_CBC_SHA,Y,N,[RFC4279]
"0x00,0x92",TLS_RSA_PSK_WITH_RC4_128_SHA,N,N,[RFC4279][RFC6347]
"0x00,0x93",TLS_RSA_PSK_WITH_3DES_EDE_CBC_SHA,Y,N,[RFC4279]
"0x00,0x94",TLS_RSA_PSK_WITH_AES_128_CBC_SHA,Y,N,[RFC4279]
"0x00,0x95",TLS_RSA_PSK_WITH_AES_256_CBC_SHA,Y,N,[RFC4279]
"0x00,0x96",TLS_RSA_WITH_SEED_CBC_SHA,Y,N,[RFC4162]
"0x00,0x97",TLS_DH_DSS_WITH_SEED_CBC_SHA,Y,N,[RFC4162]
"0x00,0x98",TLS_DH_RSA_WITH_SEED_CBC_SHA,Y,N,[RFC4162]
"0x00,0x99",TLS_DHE_DSS_WITH_SEED_CBC_SHA,Y,N,[RFC4162]
"0x00,0x9A",TLS_DHE_RSA_WITH_SEED_CBC_SHA,Y,N,[RFC4162]
"0x00,0x9B",TLS_DH_anon_WITH_SEED_CBC_SHA,Y,N,[RFC4162]
"0x00,0x9C",TLS_RSA_WITH_AES_128_GCM_SHA256,Y,N,[RFC5288]
"0x00,0x9D",TLS_RSA_WITH_AES_256_GCM_SHA384,Y,N,[RFC5288]
"0x00,0x9E",TLS_DHE_RSA_WITH_AES_128_GCM_SHA256,Y,Y,[RFC5288]
"0x00,0x9F",TLS_DHE_RSA_WITH_AES_256_GCM_SHA384,Y,Y,[RFC5288]
"0x00,0xA0",TLS_DH_RSA_WITH_AES_128_GCM_SHA256,Y,N,[RFC5288]
"0x00,0xA1",TLS_DH_RSA_WITH_AES_256_GCM_SHA384,Y,N,[RFC5288]
"0x00,0xA2",TLS_DHE_DSS_WITH_AES_128_GCM_SHA256,Y,N,[RFC5288]
"0x00,0xA3",TLS_DHE_DSS_WITH_AES_256_GCM_SHA384,Y,N,[RFC5288]
"0x00,0xA4",TLS_DH_DSS_WITH_AES_128_GCM_SHA256,Y,N,[RFC5288]
"0x00,0xA5",TLS_DH_DSS_WITH_AES_256_GCM_SHA384,Y,N,[RFC5288]
"0x00,0xA6",TLS_DH_anon_WITH_AES_128_GCM_SHA256,Y,N,[RFC5288]
"0x00,0xA7",TLS_DH_anon_WITH_AES_256_GCM_SHA384,Y,N,[RFC5288]
"0x00,0xA8",TLS_PSK_WITH_AES_128_GCM_SHA256,Y,N,[RFC5487]
"0x00,0xA9",TLS_PSK_WITH_AES_256_GCM_SHA384,Y,N,[RFC5487]
"0x00,0xAA",TLS_DHE_PSK_WITH_AES_128_GCM_SHA256,Y,Y,[RFC5487]
"0x00,0xAB",TLS_DHE_PSK_WITH_AES_256_GCM_SHA384,Y,Y,[RFC5487]
"0x00,0xAC",TLS_RSA_PSK_WITH_AES_128_GCM_SHA256,Y,N,[RFC5487]
"0x00,0xAD",TLS_RSA_PSK_WITH_AES_256_GCM_SHA384,Y,N,[RFC5487]
"0x00,0xAE",TLS_PSK_WITH_AES_128_CBC_SHA256,Y,N,[RFC5487]
"0x00,0xAF",TLS_PSK_WITH_AES_256_CBC_SHA384,Y,N,[RFC5487]
"0x00,0xB0",TLS_PSK_WITH_NULL_SHA256,Y,N,[RFC5487]
"0x00,0xB1",TLS_PSK_WITH_NULL_SHA384,Y,N,[RFC5487]
"0x00,0xB2",TLS_DHE_PSK_WITH_AES_128_CBC_SHA256,Y,N,[RFC5487]
"0x00,0xB3",TLS_DHE_PSK_WITH_AES_256_CBC_SHA384,Y,N,[RFC5487]
"0x00,0xB4",TLS_DHE_PSK_WITH_NULL_SHA256,Y,N,[RFC5487]
"0x00,0xB5",TLS_DHE_PSK_WITH_NULL_SHA384,Y,N,[RFC5487]
"0x00,0xB6",TLS_RSA_PSK_WITH_AES_128_CBC_SHA256,Y,N,[RFC5487]
"0x00,0xB7",TLS_RSA_PSK_WITH_AES_256_CBC_SHA384,Y,N,[RFC5487]
"0x00,0xB8",TLS_RSA_PSK_WITH_NULL_SHA256,Y,N,[RFC5487]
"0x00,0xB9",TLS_RSA_PSK_WITH_NULL_SHA384,Y,N,[RFC5487]
"0x00,0xBA",TLS_RSA_WITH_CAMELLIA_128_CBC_SHA256,Y,N,[RFC5932]
"0x00,0xBB",TLS_DH_DSS_WITH_CAMELLIA_128_CBC_SHA256,Y,N,[RFC5932]
"0x00,0xBC",TLS_DH_RSA_WITH_CAMELLIA_128_CBC_SHA256,Y,N,[RFC5932]
"0x00,0xBD",TLS_DHE_DSS_WITH_CAMELLIA_128_CBC_SHA256,Y,N,[RFC5932]
"0x00,0xBE",TLS_DHE_RSA_WITH_CAMELLIA_128_CBC_SHA256,Y,N,[RFC5932]
"0x00,0xBF",TLS_DH_anon_WITH_CAMELLIA_128_CBC_SHA256,Y,N,[RFC5932]
"0x00,0xC0",TLS_RSA_WITH_CAMELLIA_256_CBC_SHA256,Y,N,[RFC5932]
"0x00,0xC1",TLS_DH_DSS_WITH_CAMELLIA_256_CBC_SHA256,Y,N,[RFC5932]
"0x00,0xC2",TLS_DH_RSA_WITH_CAMELLIA_256_CBC_SHA256,Y,N,[RFC5932]
"0x00,0xC3",TLS_DHE_DSS_WITH_CAMELLIA_256_CBC_SHA256,Y,N,[RFC5932]
"0x00,0xC4",TLS_DHE_RSA_WITH_CAMELLIA_256_CBC_SHA256,Y,N,[RFC5932]
"0x00,0xC5",TLS_DH_anon_WITH_CAMELLIA_256_CBC_SHA256,Y,N,[RFC5932]
"0x00,0xC6",TLS_SM4_GCM_SM3,N,N,[RFC8998]
"0x00,0xC7",TLS_SM4_CCM_SM3,N,N,[RFC8998]
"0x00,0xC8-FE",Unassigned,,,
"0x00,0xFF",TLS_EMPTY_RENEGOTIATION_INFO_SCSV,Y,N,[RFC5746]
"0x01-09,*",Unassigned,,,
"0x0A,0x00-09",Unassigned,,,
"0x0A,0x0A",Reserved,Y,N,[RFC8701]
"0x0A,0x0B-FF",Unassigned,,,
"0x0B-12,*",Unassigned,,,
"0x13,0x00",Unassigned,,,
"0x13,0x01",TLS_AES_128_GCM_SHA256,Y,Y,[RFC8446]
"0x13,0x02",TLS_AES_256_GCM_SHA384,Y,Y,[RFC8446]
"0x13,0x03",TLS_CHACHA20_POLY1305_SHA256,Y,Y,[RFC8446]
"0x13,0x04",TLS_AES_128_CCM_SHA256,Y,Y,[RFC8446]
"0x13,0x05",TLS_AES_128_CCM_8_SHA256,Y,N,[RFC8446][IESG Action 2018-08-16]
"0x13,0x06",TLS_AEGIS_256_SHA384,Y,N,[draft-irtf-cfrg-aegis-aead-00]
"0x13,0x07",TLS_AEGIS_128L_SHA256,Y,N,[draft-irtf-cfrg-aegis-aead-00]
"0x13,0x08-FF",Unassigned,,,
"0x14-19,*",Unassigned,,,
"0x1A,0x00-19",Unassigned,,,
"0x1A,0x1A",Reserved,Y,N,[RFC8701]
"0x1A,0x1B-FF",Unassigned,,,
"0x1B-29,*",Unassigned,,,
"0x2A,0x00-29",Unassigned,,,
"0x2A,0x2A",Reserved,Y,N,[RFC8701]
"0x2A,0x2B-FF",Unassigned,,,
"0x2B-39,*",Unassigned,,,
"0x3A,0x00-39",Unassigned,,,
"0x3A,0x3A",Reserved,Y,N,[RFC8701]
"0x3A,0x3B-FF",Unassigned,,,
"0x3B-49,*",Unassigned,,,
"0x4A,0x00-49",Unassigned,,,
"0x4A,0x4A",Reserved,Y,N,[RFC8701]
"0x4A,0x4B-FF",Unassigned,,,
"0x4B-55,*",Unassigned,,,
"0x56,0x00",TLS_FALLBACK_SCSV,Y,N,[RFC7507]
"0x56,0x01-FF",Unassigned,,,
"0x57-59,*",Unassigned,,,
"0x5A,0x00-59",Unassigned,,,
"0x5A,0x5A",Reserved,Y,N,[RFC8701]
"0x5A,0x5B-FF",Unassigned,,,
"0x5B-69,*",Unassigned,,,
"0x6A,0x00-69",Unassigned,,,
"0x6A,0x6A",Reserved,Y,N,[RFC8701]
"0x6A,0x6B-FF",Unassigned,,,
"0x6B-79,*",Unassigned,,,
"0x7A,0x00-79",Unassigned,,,
"0x7A,0x7A",Reserved,Y,N,[RFC8701]
"0x7A,0x7B-FF",Unassigned,,,
"0x7B-89,*",Unassigned,,,
"0x8A,0x00-89",Unassigned,,,
"0x8A,0x8A",Reserved,Y,N,[RFC8701]
"0x8A,0x8B-FF",Unassigned,,,
"0x8B-99,*",Unassigned,,,
"0x9A,0x00-99",Unassigned,,,
"0x9A,0x9A",Reserved,Y,N,[RFC8701]
"0x9A,0x9B-FF",Unassigned,,,
"0x9B-A9,*",Unassigned,,,
"0xAA,0x00-A9",Unassigned,,,
"0xAA,0xAA",Reserved,Y,N,[RFC8701]
"0xAA,0xAB-FF",Unassigned,,,
"0xAB-B9,*",Unassigned,,,
"0xBA,0x00-B9",Unassigned,,,
"0xBA,0xBA",Reserved,Y,N,[RFC8701]
"0xBA,0xBB-FF",Unassigned,,,
"0xBB-BF,*",Unassigned,,,
"0xC0,0x00",Unassigned,,,
"0xC0,0x01",TLS_ECDH_ECDSA_WITH_NULL_SHA,Y,N,[RFC8422]
"0xC0,0x02",TLS_ECDH_ECDSA_WITH_RC4_128_SHA,N,N,[RFC8422][RFC6347]
"0xC0,0x03",TLS_ECDH_ECDSA_WITH_3DES_EDE_CBC_SHA,Y,N,[RFC8422]
"0xC0,0x04",TLS_ECDH_ECDSA_WITH_AES_128_CBC_SHA,Y,N,[RFC8422]
"0xC0,0x05",TLS_ECDH_ECDSA_WITH_AES_256_CBC_SHA,Y,N,[RFC8422]
"0xC0,0x06",TLS_ECDHE_ECDSA_WITH_NULL_SHA,Y,N,[RFC8422]
"0xC0,0x07",TLS_ECDHE_ECDSA_WITH_RC4_128_SHA,N,N,[RFC8422][RFC6347]
"0xC0,0x08",TLS_ECDHE_ECDSA_WITH_3DES_EDE_CBC_SHA,Y,N,[RFC8422]
"0xC0,0x09",TLS_ECDHE_ECDSA_WITH_AES_128_CBC_SHA,Y,N,[RFC8422]
"0xC0,0x0A",TLS_ECDHE_ECDSA_WITH_AES_256_CBC_SHA,Y,N,[RFC8422]
"0xC0,0x0B",TLS_ECDH_RSA_WITH_NULL_SHA,Y,N,[RFC8422]
"0xC0,0x0C",TLS_ECDH_RSA_WITH_RC4_128_SHA,N,N,[RFC8422][RFC6347]
"0xC0,0x0D",TLS_ECDH_RSA_WITH_3DES_EDE_CBC_SHA,Y,N,[RFC8422]
"0xC0,0x0E",TLS_ECDH_RSA_WITH_AES_128_CBC_SHA,Y,N,[RFC8422]
"0xC0,0x0F",TLS_ECDH_RSA_WITH_AES_256_CBC_SHA,Y,N,[RFC8422]
"0xC0,0x10",TLS_ECDHE_RSA_WITH_NULL_SHA,Y,N,[RFC8422]
"0xC0,0x11",TLS_ECDHE_RSA_WITH_RC4_128_SHA,N,N,[RFC8422][RFC6347]
"0xC0,0x12",TLS_ECDHE_RSA_WITH_3DES_EDE_CBC_SHA,Y,N,[RFC8422]
"0xC0,0x13",TLS_ECDHE_RSA_WITH_AES_128_CBC_SHA,Y,N,[RFC8422]
"0xC0,0x14",TLS_ECDHE_RSA_WITH_AES_256_CBC_SHA,Y,N,[RFC8422]
"0xC0,0x15",TLS_ECDH_anon_WITH_NULL_SHA,Y,N,[RFC8422]
"0xC0,0x16",TLS_ECDH_anon_WITH_RC4_128_SHA,N,N,[RFC8422][RFC6347]
"0xC0,0x17",TLS_ECDH_anon_WITH_3DES_EDE_CBC_SHA,Y,N,[RFC8422]
"0xC0,0x18",TLS_ECDH_anon_WITH_AES_128_CBC_SHA,Y,N,[RFC8422]
"0xC0,0x19",TLS_ECDH_anon_WITH_AES_256_CBC_SHA,Y,N,[RFC8422]
"0xC0,0x1A",TLS_SRP_SHA_WITH_3DES_EDE_CBC_SHA,Y,N,[RFC5054]
"0xC0,0x1B",TLS_SRP_SHA_RSA_WITH_3DES_EDE_CBC_SHA,Y,N,[RFC5054]
"0xC0,0x1C",TLS_SRP_SHA_DSS_WITH_3DES_EDE_CBC_SHA,Y,N,[RFC5054]
"0xC0,0x1D",TLS_SRP_SHA_WITH_AES_128_CBC_SHA,Y,N,[RFC5054]
"0xC0,0x1E",TLS_SRP_SHA_RSA_WITH_AES_128_CBC_SHA,Y,N,[RFC5054]
"0xC0,0x1F",TLS_SRP_SHA_DSS_WITH_AES_128_CBC_SHA,Y,N,[RFC5054]
"0xC0,0x20",TLS_SRP_SHA_WITH_AES_256_CBC_SHA,Y,N,[RFC5054]
"0xC0,0x21",TLS_SRP_SHA_RSA_WITH_AES_256_CBC_SHA,Y,N,[RFC5054]
"0xC0,0x22",TLS_SRP_SHA_DSS_WITH_AES_256_CBC_SHA,Y,N,[RFC5054]
"0xC0,0x23",TLS_ECDHE_ECDSA_WITH_AES_128_CBC_SHA256,Y,N,[RFC5289]
"0xC0,0x24",TLS_ECDHE_ECDSA_WITH_AES_256_CBC_SHA384,Y,N,[RFC5289]
"0xC0,0x25",TLS_ECDH_ECDSA_WITH_AES_128_CBC_SHA256,Y,N,[RFC5289]
"0xC0,0x26",TLS_ECDH_ECDSA_WITH_AES_256_CBC_SHA384,Y,N,[RFC5289]
"0xC0,0x27",TLS_ECDHE_RSA_WITH_AES_128_CBC_SHA256,Y,N,[RFC5289]
"0xC0,0x28",TLS_ECDHE_RSA_WITH_AES_256_CBC_SHA384,Y,N,[RFC5289]
"0xC0,0x29",TLS_ECDH_RSA_WITH_AES_128_CBC_SHA256,Y,N,[RFC5289]
"0xC0,0x2A",TLS_ECDH_RSA_WITH_AES_256_CBC_SHA384,Y,N,[RFC5289]
"0xC0,0x2B",TLS_ECDHE_ECDSA_WITH_AES_128_GCM_SHA256,Y,Y,[RFC5289]
"0xC0,0x2C",TLS_ECDHE_ECDSA_WITH_AES_256_GCM_SHA384,Y,Y,[RFC5289]
"0xC0,0x2D",TLS_ECDH_ECDSA_WITH_AES_128_GCM_SHA256,Y,N,[RFC5289]
"0xC0,0x2E",TLS_ECDH_ECDSA_WITH_AES_256_GCM_SHA384,Y,N,[RFC5289]
"0xC0,0x2F",TLS_ECDHE_RSA_WITH_AES_128_GCM_SHA256,Y,Y,[RFC5289]
"0xC0,0x30",TLS_ECDHE_RSA_WITH_AES_256_GCM_SHA384,Y,Y,[RFC5289]
"0xC0,0x31",TLS_ECDH_RSA_WITH_AES_128_GCM_SHA256,Y,N,[RFC5289]
"0xC0,0x32",TLS_ECDH_RSA_WITH_AES_256_GCM_SHA384,Y,N,[RFC5289]
"0xC0,0x33",TLS_ECDHE_PSK_WITH_RC4_128_SHA,N,N,[RFC5489][RFC6347]
"0xC0,0x34",TLS_ECDHE_PSK_WITH_3DES_EDE_CBC_SHA,Y,N,[RFC5489]
"0xC0,0x35",TLS_ECDHE_PSK_WITH_AES_128_CBC_SHA,Y,N,[RFC5489]
"0xC0,0x36",TLS_ECDHE_PSK_WITH_AES_256_CBC_SHA,Y,N,[RFC5489]
"0xC0,0x37",TLS_ECDHE_PSK_WITH_AES_128_CBC_SHA256,Y,N,[RFC5489]
"0xC0,0x38",TLS_ECDHE_PSK_WITH_AES_256_CBC_SHA384,Y,N,[RFC5489]
"0xC0,0x39",TLS_ECDHE_PSK_WITH_NULL_SHA,Y,N,[RFC5489]
"0xC0,0x3A",TLS_ECDHE_PSK_WITH_NULL_SHA256,Y,N,[RFC5489]
"0xC0,0x3B",TLS_ECDHE_PSK_WITH_NULL_SHA384,Y,N,[RFC5489]
"0xC0,0x3C",TLS_RSA_WITH_ARIA_128_CBC_SHA256,Y,N,[RFC6209]
"0xC0,0x3D",TLS_RSA_WITH_ARIA_256_CBC_SHA384,Y,N,[RFC6209]
"0xC0,0x3E",TLS_DH_DSS_WITH_ARIA_128_CBC_SHA256,Y,N,[RFC6209]
"0xC0,0x3F",TLS_DH_DSS_WITH_ARIA_256_CBC_SHA384,Y,N,[RFC6209]
"0xC0,0x40",TLS_DH_RSA_WITH_ARIA_128_CBC_SHA256,Y,N,[RFC6209]
"0xC0,0x41",TLS_DH_RSA_WITH_ARIA_256_CBC_SHA384,Y,N,[RFC6209]
"0xC0,0x42",TLS_DHE_DSS_WITH_ARIA_128_CBC_SHA256,Y,N,[RFC6209]
"0xC0,0x43",TLS_DHE_DSS_WITH_ARIA_256_CBC_SHA384,Y,N,[RFC6209]
"0xC0,0x44",TLS_DHE_RSA_WITH_ARIA_128_CBC_SHA256,Y,N,[RFC6209]
"0xC0,0x45",TLS_DHE_RSA_WITH_ARIA_256_CBC_SHA384,Y,N,[RFC6209]
"0xC0,0x46",TLS_DH_anon_WITH_ARIA_128_CBC_SHA256,Y,N,[RFC6209]
"0xC0,0x47",TLS_DH_anon_WITH_ARIA_256_CBC_SHA384,Y,N,[RFC6209]
"0xC0,0x48",TLS_ECDHE_ECDSA_WITH_ARIA_128_CBC_SHA256,Y,N,[RFC6209]
"0xC0,0x49",TLS_ECDHE_ECDSA_WITH_ARIA_256_CBC_SHA384,Y,N,[RFC6209]
"0xC0,0x4A",TLS_ECDH_ECDSA_WITH_ARIA_128_CBC_SHA256,Y,N,[RFC6209]
"0xC0,0x4B",TLS_ECDH_ECDSA_WITH_ARIA_256_CBC_SHA384,Y,N,[RFC6209]
"0xC0,0x4C",TLS_ECDHE_RSA_WITH_ARIA_128_CBC_SHA256,Y,N,[RFC6209]
"0xC0,0x4D",TLS_ECDHE_RSA_WITH_ARIA_256_CBC_SHA384,Y,N,[RFC6209]
"0xC0,0x4E",TLS_ECDH_RSA_WITH_ARIA_128_CBC_SHA256,Y,N,[RFC6209]
"0xC0,0x4F",TLS_ECDH_RSA_WITH_ARIA_256_CBC_SHA384,Y,N,[RFC6209]
"0xC0,0x50",TLS_RSA_WITH_ARIA_128_GCM_SHA256,Y,N,[RFC6209]
"0xC0,0x51",TLS_RSA_WITH_ARIA_256_GCM_SHA384,Y,N,[RFC6209]
"0xC0,0x52",TLS_DHE_RSA_WITH_ARIA_128_GCM_SHA256,Y,N,[RFC6209]
"0xC0,0x53",TLS_DHE_RSA_WITH_ARIA_256_GCM_SHA384,Y,N,[RFC6209]
"0xC0,0x54",TLS_DH_RSA_WITH_ARIA_128_GCM_SHA256,Y,N,[RFC6209]
"0xC0,0x55",TLS_DH_RSA_WITH_ARIA_256_GCM_SHA384,Y,N,[RFC6209]
"0xC0,0x56",TLS_DHE_DSS_WITH_ARIA_128_GCM_SHA256,Y,N,[RFC6209]
"0xC0,0x57",TLS_DHE_DSS_WITH_ARIA_256_GCM_SHA384,Y,N,[RFC6209]
"0xC0,0x58",TLS_DH_DSS_WITH_ARIA_128_GCM_SHA256,Y,N,[RFC6209]
"0xC0,0x59",TLS_DH_DSS_WITH_ARIA_256_GCM_SHA384,Y,N,[RFC6209]
"0xC0,0x5A",TLS_DH_anon_WITH_ARIA_128_GCM_SHA256,Y,N,[RFC6209]
"0xC0,0x5B",TLS_DH_anon_WITH_ARIA_256_GCM_SHA384,Y,N,[RFC6209]
"0xC0,0x5C",TLS_ECDHE_ECDSA_WITH_ARIA_128_GCM_SHA256,Y,N,[RFC6209]
"0xC0,0x5D",TLS_ECDHE_ECDSA_WITH_ARIA_256_GCM_SHA384,Y,N,[RFC6209]
"0xC0,0x5E",TLS_ECDH_ECDSA_WITH_ARIA_128_GCM_SHA256,Y,N,[RFC6209]
"0xC0,0x5F",TLS_ECDH_ECDSA_WITH_ARIA_256_GCM_SHA384,Y,N,[RFC6209]
"0xC0,0x60",TLS_ECDHE_RSA_WITH_ARIA_128_GCM_SHA256,Y,N,[RFC6209]
"0xC0,0x61",TLS_ECDHE_RSA_WITH_ARIA_256_GCM_SHA384,Y,N,[RFC6209]
"0xC0,0x62",TLS_ECDH_RSA_WITH_ARIA_128_GCM_SHA256,Y,N,[RFC6209]
"0xC0,0x63",TLS_ECDH_RSA_WITH_ARIA_256_GCM_SHA384,Y,N,[RFC6209]
"0xC0,0x64",TLS_PSK_WITH_ARIA_128_CBC_SHA256,Y,N,[RFC6209]
"0xC0,0x65",TLS_PSK_WITH_ARIA_256_CBC_SHA384,Y,N,[RFC6209]
"0xC0,0x66",TLS_DHE_PSK_WITH_ARIA_128_CBC_SHA256,Y,N,[RFC6209]
"0xC0,0x67",TLS_DHE_PSK_WITH_ARIA_256_CBC_SHA384,Y,N,[RFC6209]
"0xC0,0x68",TLS_RSA_PSK_WITH_ARIA_128_CBC_SHA256,Y,N,[RFC6209]
"0xC0,0x69",TLS_RSA_PSK_WITH_ARIA_256_CBC_SHA384,Y,N,[RFC6209]
"0xC0,0x6A",TLS_PSK_WITH_ARIA_128_GCM_SHA256,Y,N,[RFC6209]
"0xC0,0x6B",TLS_PSK_WITH_ARIA_256_GCM_SHA384,Y,N,[RFC6209]
"0xC0,0x6C",TLS_DHE_PSK_WITH_ARIA_128_GCM_SHA256,Y,N,[RFC6209]
"0xC0,0x6D",TLS_DHE_PSK_WITH_ARIA_256_GCM_SHA384,Y,N,[RFC6209]
"0xC0,0x6E",TLS_RSA_PSK_WITH_ARIA_128_GCM_SHA256,Y,N,[RFC6209]
"0xC0,0x6F",TLS_RSA_PSK_WITH_ARIA_256_GCM_SHA384,Y,N,[RFC6209]
"0xC0,0x70",TLS_ECDHE_PSK_WITH_ARIA_128_CBC_SHA256,Y,N,[RFC6209]
"0xC0,0x71",TLS_ECDHE_PSK_WITH_ARIA_256_CBC_SHA384,Y,N,[RFC6209]
"0xC0,0x72",TLS_ECDHE_ECDSA_WITH_CAMELLIA_128_CBC_SHA256,Y,N,[RFC6367]
"0xC0,0x73",TLS_ECDHE_ECDSA_WITH_CAMELLIA_256_CBC_SHA384,Y,N,[RFC6367]
"0xC0,0x74",TLS_ECDH_ECDSA_WITH_CAMELLIA_128_CBC_SHA256,Y,N,[RFC6367]
"0xC0,0x75",TLS_ECDH_ECDSA_WITH_CAMELLIA_256_CBC_SHA384,Y,N,[RFC6367]
"0xC0,0x76",TLS_ECDHE_RSA_WITH_CAMELLIA_128_CBC_SHA256,Y,N,[RFC6367]
"0xC0,0x77",TLS_ECDHE_RSA_WITH_CAMELLIA_256_CBC_SHA384,Y,N,[RFC6367]
"0xC0,0x78",TLS_ECDH_RSA_WITH_CAMELLIA_128_CBC_SHA256,Y,N,[RFC6367]
"0xC0,0x79",TLS_ECDH_RSA_WITH_CAMELLIA_256_CBC_SHA384,Y,N,[RFC6367]
"0xC0,0x7A",TLS_RSA_WITH_CAMELLIA_128_GCM_SHA256,Y,N,[RFC6367]
"0xC0,0x7B",TLS_RSA_WITH_CAMELLIA_256_GCM_SHA384,Y,N,[RFC6367]
"0xC0,0x7C",TLS_DHE_RSA_WITH_CAMELLIA_128_GCM_SHA256,Y,N,[RFC6367]
"0xC0,0x7D",TLS_DHE_RSA_WITH_CAMELLIA_256_GCM_SHA384,Y,N,[RFC6367]
"0xC0,0x7E",TLS_DH_RSA_WITH_CAMELLIA_128_GCM_SHA256,Y,N,[RFC6367]
"0xC0,0x7F",TLS_DH_RSA_WITH_CAMELLIA_256_GCM_SHA384,Y,N,[RFC6367]
"0xC0,0x80",TLS_DHE_DSS_WITH_CAMELLIA_128_GCM_SHA256,Y,N,[RFC6367]
"0xC0,0x81",TLS_DHE_DSS_WITH_CAMELLIA_256_GCM_SHA384,Y,N,[RFC6367]
"0xC0,0x82",TLS_DH_DSS_WITH_CAMELLIA_128_GCM_SHA256,Y,N,[RFC6367]
"0xC0,0x83",TLS_DH_DSS_WITH_CAMELLIA_256_GCM_SHA384,Y,N,[RFC6367]
"0xC0,0x84",TLS_DH_anon_WITH_CAMELLIA_128_GCM_SHA256,Y,N,[RFC6367]
"0xC0,0x85",TLS_DH_anon_WITH_CAMELLIA_256_GCM_SHA384,Y,N,[RFC6367]
"0xC0,0x86",TLS_ECDHE_ECDSA_WITH_CAMELLIA_128_GCM_SHA256,Y,N,[RFC6367]
"0xC0,0x87",TLS_ECDHE_ECDSA_WITH_CAMELLIA_256_GCM_SHA384,Y,N,[RFC6367]
"0xC0,0x88",TLS_ECDH_ECDSA_WITH_CAMELLIA_128_GCM_SHA256,Y,N,[RFC6367]
"0xC0,0x89",TLS_ECDH_ECDSA_WITH_CAMELLIA_256_GCM_SHA384,Y,N,[RFC6367]
"0xC0,0x8A",TLS_ECDHE_RSA_WITH_CAMELLIA_128_GCM_SHA256,Y,N,[RFC6367]
"0xC0,0x8B",TLS_ECDHE_RSA_WITH_CAMELLIA_256_GCM_SHA384,Y,N,[RFC6367]
"0xC0,0x8C",TLS_ECDH_RSA_WITH_CAMELLIA_128_GCM_SHA256,Y,N,[RFC6367]
"0xC0,0x8D",TLS_ECDH_RSA_WITH_CAMELLIA_256_GCM_SHA384,Y,N,[RFC6367]
"0xC0,0x8E",TLS_PSK_WITH_CAMELLIA_128_GCM_SHA256,Y,N,[RFC6367]
"0xC0,0x8F",TLS_PSK_WITH_CAMELLIA_256_GCM_SHA384,Y,N,[RFC6367]
"0xC0,0x90",TLS_DHE_PSK_WITH_CAMELLIA_128_GCM_SHA256,Y,N,[RFC6367]
"0xC0,0x91",TLS_DHE_PSK_WITH_CAMELLIA_256_GCM_SHA384,Y,N,[RFC6367]
"0xC0,0x92",TLS_RSA_PSK_WITH_CAMELLIA_128_GCM_SHA256,Y,N,[RFC6367]
"0xC0,0x93",TLS_RSA_PSK_WITH_CAMELLIA_256_GCM_SHA384,Y,N,[RFC6367]
"0xC0,0x94",TLS_PSK_WITH_CAMELLIA_128_CBC_SHA256,Y,N,[RFC6367]
"0xC0,0x95",TLS_PSK_WITH_CAMELLIA_256_CBC_SHA384,Y,N,[RFC6367]
"0xC0,0x96",TLS_DHE_PSK_WITH_CAMELLIA_128_CBC_SHA256,Y,N,[RFC6367]
"0xC0,0x97",TLS_DHE_PSK_WITH_CAMELLIA_256_CBC_SHA384,Y,N,[RFC6367]
"0xC0,0x98",TLS_RSA_PSK_WITH_CAMELLIA_128_CBC_SHA256,Y,N,[RFC6367]
"0xC0,0x99",TLS_RSA_PSK_WITH_CAMELLIA_256_CBC_SHA384,Y,N,[RFC6367]
"0xC0,0x9A",TLS_ECDHE_PSK_WITH_CAMELLIA_128_CBC_SHA256,Y,N,[RFC6367]
"0xC0,0x9B",TLS_ECDHE_PSK_WITH_CAMELLIA_256_CBC_SHA384,Y,N,[RFC6367]
"0xC0,0x9C",TLS_RSA_WITH_AES_128_CCM,Y,N,[RFC6655]
"0xC0,0x9D",TLS_RSA_WITH_AES_256_CCM,Y,N,[RFC6655]
"0xC0,0x9E",TLS_DHE_RSA_WITH_AES_128_CCM,Y,Y,[RFC6655]
"0xC0,0x9F",TLS_DHE_RSA_WITH_AES_256_CCM,Y,Y,[RFC6655]
"0xC0,0xA0",TLS_RSA_WITH_AES_128_CCM_8,Y,N,[RFC6655]
"0xC0,0xA1",TLS_RSA_WITH_AES_256_CCM_8,Y,N,[RFC6655]
"0xC0,0xA2",TLS_DHE_RSA_WITH_AES_128_CCM_8,Y,N,[RFC6655]
"0xC0,0xA3",TLS_DHE_RSA_WITH_AES_256_CCM_8,N,N,[RFC6655]
"0xC0,0xA4",TLS_PSK_WITH_AES_128_CCM,Y,N,[RFC6655]
"0xC0,0xA5",TLS_PSK_WITH_AES_256_CCM,Y,N,[RFC6655]
"0xC0,0xA6",TLS_DHE_PSK_WITH_AES_128_CCM,Y,Y,[RFC6655]
"0xC0,0xA7",TLS_DHE_PSK_WITH_AES_256_CCM,Y,Y,[RFC6655]
"0xC0,0xA8",TLS_PSK_WITH_AES_128_CCM_8,Y,N,[RFC6655]
"0xC0,0xA9",TLS_PSK_WITH_AES_256_CCM_8,Y,N,[RFC6655]
"0xC0,0xAA",TLS_PSK_DHE_WITH_AES_128_CCM_8,Y,N,[RFC6655]
"0xC0,0xAB",TLS_PSK_DHE_WITH_AES_256_CCM_8,Y,N,[RFC6655]
"0xC0,0xAC",TLS_ECDHE_ECDSA_WITH_AES_128_CCM,Y,N,[RFC7251]
"0xC0,0xAD",TLS_ECDHE_ECDSA_WITH_AES_256_CCM,Y,N,[RFC7251]
"0xC0,0xAE",TLS_ECDHE_ECDSA_WITH_AES_128_CCM_8,Y,N,[RFC7251]
"0xC0,0xAF",TLS_ECDHE_ECDSA_WITH_AES_256_CCM_8,Y,N,[RFC7251]
"0xC0,0xB0",TLS_ECCPWD_WITH_AES_128_GCM_SHA256,Y,N,[RFC8492]
"0xC0,0xB1",TLS_ECCPWD_WITH_AES_256_GCM_SHA384,Y,N,[RFC8492]
"0xC0,0xB2",TLS_ECCPWD_WITH_AES_128_CCM_SHA256,Y,N,[RFC8492]
"0xC0,0xB3",TLS_ECCPWD_WITH_AES_256_CCM_SHA384,Y,N,[RFC8492]
"0xC0,0xB4",TLS_SHA256_SHA256,Y,N,[RFC9150]
"0xC0,0xB5",TLS_SHA384_SHA384,Y,N,[RFC9150]
"0xC0,0xB6-FF",Unassigned,,,
"0xC1,0x00",TLS_GOSTR341112_256_WITH_KUZNYECHIK_CTR_OMAC,N,N,[RFC9189]
"0xC1,0x01",TLS_GOSTR341112_256_WITH_MAGMA_CTR_OMAC,N,N,[RFC9189]
"0xC1,0x02",TLS_GOSTR341112_256_WITH_28147_CNT_IMIT,N,N,[RFC9189]
"0xC1,0x03",TLS_GOSTR341112_256_WITH_KUZNYECHIK_MGM_L,N,N,[RFC9367]
"0xC1,0x04",TLS_GOSTR341112_256_WITH_MAGMA_MGM_L,N,N,[RFC9367]
"0xC1,0x05",TLS_GOSTR341112_256_WITH_KUZNYECHIK_MGM_S,N,N,[RFC9367]
"0xC1,0x06",TLS_GOSTR341112_256_WITH_MAGMA_MGM_S,N,N,[RFC9367]
"0xC1,0x07-FF",Unassigned,,,
"0xC2-C9,*",Unassigned,,,
"0xCA,0x00-C9",Unassigned,,,
"0xCA,0xCA",Reserved,Y,N,[RFC8701]
"0xCA,0xCB-FF",Unassigned,,,
"0xCB,*",Unassigned,,,
"0xCC,0x00-A7",Unassigned,,,
"0xCC,0xA8",TLS_ECDHE_RSA_WITH_CHACHA20_POLY1305_SHA256,Y,Y,[RFC7905]
"0xCC,0xA9",TLS_ECDHE_ECDSA_WITH_CHACHA20_POLY1305_SHA256,Y,Y,[RFC7905]
"0xCC,0xAA",TLS_DHE_RSA_WITH_CHACHA20_POLY1305_SHA256,Y,Y,[RFC7905]
"0xCC,0xAB",TLS_PSK_WITH_CHACHA20_POLY1305_SHA256,Y,N,[RFC7905]
"0xCC,0xAC",TLS_ECDHE_PSK_WITH_CHACHA20_POLY1305_SHA256,Y,Y,[RFC7905]
"0xCC,0xAD",TLS_DHE_PSK_WITH_CHACHA20_POLY1305_SHA256,Y,Y,[RFC7905]
"0xCC,0xAE",TLS_RSA_PSK_WITH_CHACHA20_POLY1305_SHA256,Y,N,[RFC7905]
"0xCC,0xAF-FF",Unassigned,,,
"0xCD-CF,*",Unassigned,,,
"0xD0,0x00",Unassigned,,,
"0xD0,0x01",TLS_ECDHE_PSK_WITH_AES_128_GCM_SHA256,Y,Y,[RFC8442]
"0xD0,0x02",TLS_ECDHE_PSK_WITH_AES_256_GCM_SHA384,Y,Y,[RFC8442]
"0xD0,0x03",TLS_ECDHE_PSK_WITH_AES_128_CCM_8_SHA256,Y,N,[RFC8442]
"0xD0,0x04",Unassigned,,,
"0xD0,0x05",TLS_ECDHE_PSK_WITH_AES_128_CCM_SHA256,Y,Y,[RFC8442]
"0xD0,0x06-FF",Unassigned,,,
"0xD1-D9,*",Unassigned,,,
"0xDA,0x00-D9",Unassigned,,,
"0xDA,0xDA",Reserved,Y,N,[RFC8701]
"0xDA,0xDB-FF",Unassigned,,,
"0xDB-E9,*",Unassigned,,,
"0xEA,0x00-E9",Unassigned,,,
"0xEA,0xEA",Reserved,Y,N,[RFC8701]
"0xEA,0xEB-FF",Unassigned,,,
"0xEB-F9,*",Unassigned,,,
"0xFA,0x00-C9",Unassigned,,,
"0xFA,0xFA",Reserved,Y,N,[RFC8701]
"0xFA,0xFB-FF",Unassigned,,,
"0xFB-FD,*",Unassigned,,,
"0xFE,0x00-FD",Unassigned,,,
"0xFE,0xFE-FF","Reserved to avoid conflicts with
widely deployed implementations",,,[Pasi_Eronen]
"0xFF,0x00-FF",Reserved for Private Use,,,[RFC8446]
